{
  "properties": {
    "connectionReferences": {
      "shared_office365users": {
        "runtimeSource": "embedded",
        "connection": {
          "connectionReferenceLogicalName": "innovex_sharedoffice365users_c6ce2"
        },
        "api": {
          "name": "shared_office365users"
        }
      },
      "shared_visualstudioteamservices_1": {
        "runtimeSource": "embedded",
        "connection": {
          "connectionReferenceLogicalName": "innovex_sharedvisualstudioteamservices_2c14a"
        },
        "api": {
          "name": "shared_visualstudioteamservices"
        }
      },
      "shared_office365_1": {
        "runtimeSource": "embedded",
        "connection": {
          "connectionReferenceLogicalName": "innovex_sharedoffice365_720d9"
        },
        "api": {
          "name": "shared_office365"
        }
      },
      "shared_sharepointonline_1": {
        "runtimeSource": "embedded",
        "connection": {
          "connectionReferenceLogicalName": "innovex_sharedsharepointonline_04c2e"
        },
        "api": {
          "name": "shared_sharepointonline"
        }
      },
      "shared_approvals": {
        "runtimeSource": "embedded",
        "connection": {
          "connectionReferenceLogicalName": "innovex_sharedapprovals_638e1"
        },
        "api": {
          "name": "shared_approvals"
        }
      },
      "shared_sharepointonline": {
        "runtimeSource": "embedded",
        "connection": {
          "connectionReferenceLogicalName": "innovex_sharedsharepointonline_3ed40"
        },
        "api": {
          "name": "shared_sharepointonline"
        }
      }
    },
    "definition": {
      "$schema": "https://schema.management.azure.com/providers/Microsoft.Logic/schemas/2016-06-01/workflowdefinition.json#",
      "contentVersion": "1.0.0.0",
      "parameters": {
        "$connections": {
          "defaultValue": {},
          "type": "Object"
        },
        "$authentication": {
          "defaultValue": {},
          "type": "SecureObject"
        }
      },
      "triggers": {
        "When_an_item_is_created": {
          "recurrence": {
            "interval": 1,
            "frequency": "Minute"
          },
          "splitOn": "@triggerOutputs()?['body/value']",
          "metadata": {
            "operationMetadataId": "591f4852-3490-400a-afa6-0d650347a4a1"
          },
          "type": "OpenApiConnection",
          "inputs": {
            "host": {
              "connectionName": "shared_sharepointonline",
              "operationId": "GetOnNewItems",
              "apiId": "/providers/Microsoft.PowerApps/apis/shared_sharepointonline"
            },
            "parameters": {
              "dataset": "https://vexweb.sharepoint.com/sites/InnovexSharePoint",
              "table": "b8687e6c-262b-4d95-a77a-3e177088e462"
            },
            "authentication": "@parameters('$authentication')"
          }
        }
      },
      "actions": {
        "Initialize_variable": {
          "runAfter": {},
          "metadata": {
            "operationMetadataId": "d35b54c8-53e7-4852-abeb-b682132ecbd1"
          },
          "type": "InitializeVariable",
          "inputs": {
            "variables": [
              {
                "name": "varLen",
                "type": "integer",
                "value": 0
              }
            ]
          }
        },
        "Get_direct_reports_(V2)": {
          "runAfter": {
            "Initialize_variable": [
              "Succeeded"
            ]
          },
          "metadata": {
            "operationMetadataId": "9b58882b-5668-44fd-aba6-882411cb0af2"
          },
          "type": "OpenApiConnection",
          "inputs": {
            "host": {
              "connectionName": "shared_office365users",
              "operationId": "DirectReports_V2",
              "apiId": "/providers/Microsoft.PowerApps/apis/shared_office365users"
            },
            "parameters": {
              "id": "@triggerOutputs()?['body/Requestor/Email']"
            },
            "authentication": "@parameters('$authentication')"
          }
        },
        "Set_variable": {
          "runAfter": {
            "Get_direct_reports_(V2)": [
              "Succeeded"
            ]
          },
          "metadata": {
            "operationMetadataId": "b53aaf9b-c5a4-4c72-a7cf-8fe4ea71672a"
          },
          "type": "SetVariable",
          "inputs": {
            "name": "varLen",
            "value": "@length(outputs('Get_direct_reports_(V2)')?['body/value'])"
          }
        },
        "Checking_Whether_Requestor_is_Manager_or_Not": {
          "actions": {
            "Create_a_work_item_for_Manager_without_Approval": {
              "runAfter": {},
              "metadata": {
                "operationMetadataId": "6141ab26-c81c-41cf-b0a6-03b2f361b7fc"
              },
              "type": "OpenApiConnection",
              "inputs": {
                "host": {
                  "connectionName": "shared_visualstudioteamservices_1",
                  "operationId": "CreateWorkItem",
                  "apiId": "/providers/Microsoft.PowerApps/apis/shared_visualstudioteamservices"
                },
                "parameters": {
                  "account": "InnovexInc",
                  "project": "InnovexProjects",
                  "type": "Epic",
                  "workItem/title": "@triggerOutputs()?['body/ProjectName']",
                  "workItem/description": "<p>@{triggerOutputs()?['body/ProjectDescription']}</p>",
                  "workItem/userEnteredFields": {
                    "SharePoint Item ID": "@{triggerOutputs()?['body/ID']}",
                    "SharePoint List Name": "INVX ProjectList"
                  }
                },
                "authentication": "@parameters('$authentication')"
              }
            }
          },
          "runAfter": {
            "Set_variable": [
              "Succeeded"
            ]
          },
          "else": {
            "actions": {
              "Checking_Request_approved_by_Manager_or_Not": {
                "actions": {
                  "Create_a_work_item": {
                    "runAfter": {},
                    "metadata": {
                      "operationMetadataId": "6141ab26-c81c-41cf-b0a6-03b2f361b7fc"
                    },
                    "type": "OpenApiConnection",
                    "inputs": {
                      "host": {
                        "connectionName": "shared_visualstudioteamservices_1",
                        "operationId": "CreateWorkItem",
                        "apiId": "/providers/Microsoft.PowerApps/apis/shared_visualstudioteamservices"
                      },
                      "parameters": {
                        "account": "InnovexInc",
                        "project": "InnovexProjects",
                        "type": "Epic",
                        "workItem/title": "@triggerOutputs()?['body/ProjectName']",
                        "workItem/description": "<p>@{triggerOutputs()?['body/ProjectDescription']}</p>",
                        "workItem/userEnteredFields": {
                          "SharePoint Item ID": "@{triggerOutputs()?['body/ID']}",
                          "SharePoint List Name": "INVX ProjectList"
                        }
                      },
                      "authentication": "@parameters('$authentication')"
                    }
                  }
                },
                "runAfter": {
                  "Start_and_wait_for_an_approval": [
                    "Succeeded"
                  ]
                },
                "else": {
                  "actions": {
                    "Send_an_email_(V2)": {
                      "runAfter": {},
                      "metadata": {
                        "operationMetadataId": "11bbbec1-0e53-4174-8bb7-f932f491003b"
                      },
                      "type": "OpenApiConnection",
                      "inputs": {
                        "host": {
                          "connectionName": "shared_office365_1",
                          "operationId": "SendEmailV2",
                          "apiId": "/providers/Microsoft.PowerApps/apis/shared_office365"
                        },
                        "parameters": {
                          "emailMessage/To": "@triggerOutputs()?['body/Requestor/Email']",
                          "emailMessage/Subject": "PROD - Project Request Rejected",
                          "emailMessage/Body": "<p>Dear Requestor,<br>\n<br>\nYour project request has been rejected by your manager.<br>\n<br>\nProject Name: @{triggerOutputs()?['body/ProjectName']}<br>\n<br>\nIf you have questions or need further assistance, feel free to follow up with your manager.<br>\n<br>\nBest regards, &nbsp;<br>\nPMO Team<br>\n</p>",
                          "emailMessage/Importance": "Normal"
                        },
                        "authentication": "@parameters('$authentication')"
                      }
                    },
                    "Update_item": {
                      "runAfter": {
                        "Send_an_email_(V2)": [
                          "Succeeded"
                        ]
                      },
                      "metadata": {
                        "operationMetadataId": "c3664ede-c355-4d11-829c-b1c1fa1e64f1"
                      },
                      "type": "OpenApiConnection",
                      "inputs": {
                        "host": {
                          "connectionName": "shared_sharepointonline_1",
                          "operationId": "PatchItem",
                          "apiId": "/providers/Microsoft.PowerApps/apis/shared_sharepointonline"
                        },
                        "parameters": {
                          "dataset": "https://vexweb.sharepoint.com/sites/InnovexSharePoint",
                          "table": "b8687e6c-262b-4d95-a77a-3e177088e462",
                          "id": "@triggerOutputs()?['body/ID']",
                          "item/Status/Value": "Rejected by Approver"
                        },
                        "authentication": "@parameters('$authentication')"
                      }
                    }
                  }
                },
                "expression": {
                  "equals": [
                    "@outputs('Start_and_wait_for_an_approval')?['body/outcome']",
                    "Approve"
                  ]
                },
                "metadata": {
                  "operationMetadataId": "c8df8f01-0867-4ae0-b26b-111d9487d6d1"
                },
                "type": "If"
              },
              "Get_manager_(V2)": {
                "runAfter": {},
                "metadata": {
                  "operationMetadataId": "6b687277-a9a8-4a6b-8332-45ab4a34c63b"
                },
                "type": "OpenApiConnection",
                "inputs": {
                  "host": {
                    "connectionName": "shared_office365users",
                    "operationId": "Manager_V2",
                    "apiId": "/providers/Microsoft.PowerApps/apis/shared_office365users"
                  },
                  "parameters": {
                    "id": "@triggerOutputs()?['body/Requestor/Email']"
                  },
                  "authentication": "@parameters('$authentication')"
                }
              },
              "Start_and_wait_for_an_approval": {
                "runAfter": {
                  "Get_manager_(V2)": [
                    "Succeeded"
                  ]
                },
                "metadata": {
                  "operationMetadataId": "6ec7bf05-71a9-4262-9dff-fe6689d2de4a"
                },
                "type": "OpenApiConnectionWebhook",
                "inputs": {
                  "host": {
                    "connectionName": "shared_approvals",
                    "operationId": "StartAndWaitForAnApproval",
                    "apiId": "/providers/Microsoft.PowerApps/apis/shared_approvals"
                  },
                  "parameters": {
                    "approvalType": "Basic",
                    "WebhookApprovalCreationInput/title": "Approval Required for New Project Request",
                    "WebhookApprovalCreationInput/assignedTo": "@{outputs('Get_manager_(V2)')?['body/mail']};",
                    "WebhookApprovalCreationInput/requestor": "@{triggerOutputs()?['body/Requestor/Email']};",
                    "WebhookApprovalCreationInput/enableNotifications": true,
                    "WebhookApprovalCreationInput/enableReassignment": true
                  },
                  "authentication": "@parameters('$authentication')"
                }
              }
            }
          },
          "expression": {
            "greaterOrEquals": [
              "@variables('varLen')",
              1
            ]
          },
          "metadata": {
            "operationMetadataId": "218195de-7b20-4fad-bab8-7804822e3df6"
          },
          "type": "If"
        }
      }
    },
    "templateName": ""
  },
  "schemaVersion": "1.0.0.0"
}