{
  "properties": {
    "connectionReferences": {
      "shared_sharepointonline_2": {
        "runtimeSource": "embedded",
        "connection": {
          "connectionReferenceLogicalName": "innovex_sharedsharepointonline_3ed40"
        },
        "api": {
          "name": "shared_sharepointonline"
        }
      },
      "shared_visualstudioteamservices_1": {
        "runtimeSource": "embedded",
        "connection": {
          "connectionReferenceLogicalName": "innovex_sharedvisualstudioteamservices_2c14a"
        },
        "api": {
          "name": "shared_visualstudioteamservices"
        }
      }
    },
    "definition": {
      "$schema": "https://schema.management.azure.com/providers/Microsoft.Logic/schemas/2016-06-01/workflowdefinition.json#",
      "contentVersion": "1.0.0.0",
      "parameters": {
        "$connections": {
          "defaultValue": {},
          "type": "Object"
        },
        "$authentication": {
          "defaultValue": {},
          "type": "SecureObject"
        }
      },
      "triggers": {
        "When_a_work_item_is_updated": {
          "recurrence": {
            "interval": 1,
            "frequency": "Minute"
          },
          "splitOn": "@triggerOutputs()?['body/value']",
          "metadata": {
            "operationMetadataId": "8a2136a4-43b8-4aa8-9b0b-2777adef3561"
          },
          "type": "OpenApiConnection",
          "inputs": {
            "host": {
              "connectionName": "shared_visualstudioteamservices_1",
              "operationId": "OnWorkItemUpdatedV2",
              "apiId": "/providers/Microsoft.PowerApps/apis/shared_visualstudioteamservices"
            },
            "parameters": {
              "account": "InnovexInc",
              "project": "InnovexProjects",
              "areaPathComparison": "Equals",
              "iterationPathComparison": "Equals"
            },
            "authentication": "@parameters('$authentication')"
          }
        }
      },
      "actions": {
        "Initialize_variable_Latest_Comment": {
          "runAfter": {},
          "metadata": {
            "operationMetadataId": "fec8f932-7686-4e47-9c25-e4c3f5b30fe0"
          },
          "type": "InitializeVariable",
          "inputs": {
            "variables": [
              {
                "name": "latestComment",
                "type": "string"
              }
            ]
          }
        },
        "Initialize_variable_latestDate": {
          "runAfter": {
            "Initialize_variable_Latest_Comment": [
              "Succeeded"
            ]
          },
          "metadata": {
            "operationMetadataId": "662799c4-ab5e-4f42-8a76-72691f5520bf"
          },
          "type": "InitializeVariable",
          "inputs": {
            "variables": [
              {
                "name": "latestDate",
                "type": "string",
                "value": "1900-01-01T00:00:00Z"
              }
            ]
          }
        },
        "Get_Latest_Comment": {
          "actions": {
            "HTTP": {
              "runAfter": {},
              "metadata": {
                "operationMetadataId": "934e7dfb-749e-4b28-98e0-7ca575d747b2"
              },
              "type": "Http",
              "inputs": {
                "method": "GET",
                "uri": "https://dev.azure.com/InnovexInc/InnovexProjects/_apis/wit/workItems/@{triggerOutputs()?['body/id']}/comments?api-version=7.0-preview",
                "headers": {
                  "Accept": "application/json"
                },
                "authentication": {
                  "type": "Basic",
                  "username": "Production",
                  "password": "68HMTfOz7TpX3KOd8bMd4EgNcGiu7YpUiGWM8Auxg8VJTwM3mONWJQQJ99BEACAAAAAW41jNAAASAZDOYdKZ"
                }
              }
            },
            "Parse_JSON": {
              "runAfter": {
                "HTTP": [
                  "Succeeded"
                ]
              },
              "metadata": {
                "operationMetadataId": "c2bc199e-2c87-46d9-bc25-8fa931a8796b"
              },
              "type": "ParseJson",
              "inputs": {
                "content": "@body('HTTP')",
                "schema": {
                  "type": "object",
                  "properties": {
                    "type": {
                      "type": "string"
                    },
                    "properties": {
                      "type": "object",
                      "properties": {
                        "totalCount": {
                          "type": "object",
                          "properties": {
                            "type": {
                              "type": "string"
                            }
                          }
                        },
                        "count": {
                          "type": "object",
                          "properties": {
                            "type": {
                              "type": "string"
                            }
                          }
                        },
                        "comments": {
                          "type": "object",
                          "properties": {
                            "type": {
                              "type": "string"
                            },
                            "items": {
                              "type": "object",
                              "properties": {
                                "type": {
                                  "type": "string"
                                },
                                "properties": {
                                  "type": "object",
                                  "properties": {
                                    "text": {
                                      "type": "object",
                                      "properties": {
                                        "type": {
                                          "type": "string"
                                        }
                                      }
                                    },
                                    "createdDate": {
                                      "type": "object",
                                      "properties": {
                                        "type": {
                                          "type": "string"
                                        }
                                      }
                                    },
                                    "createdBy": {
                                      "type": "object",
                                      "properties": {
                                        "type": {
                                          "type": "string"
                                        },
                                        "properties": {
                                          "type": "object",
                                          "properties": {
                                            "displayName": {
                                              "type": "object",
                                              "properties": {
                                                "type": {
                                                  "type": "string"
                                                }
                                              }
                                            }
                                          }
                                        }
                                      }
                                    }
                                  }
                                }
                              }
                            }
                          }
                        }
                      }
                    }
                  }
                }
              }
            },
            "Apply_to_each": {
              "foreach": "@body('Parse_JSON')?['comments']",
              "actions": {
                "Condition": {
                  "actions": {
                    "Set_variable_2": {
                      "runAfter": {},
                      "metadata": {
                        "operationMetadataId": "4f0b6ebd-4159-4a90-a92f-d10a21e6a2fb"
                      },
                      "type": "SetVariable",
                      "inputs": {
                        "name": "latestComment",
                        "value": "@{replace(replace(replace(items('Apply_to_each')?['text'], '<div>', ''), '</div>', ''), '&nbsp;', '')\r\n}"
                      }
                    }
                  },
                  "runAfter": {},
                  "expression": {
                    "greater": [
                      "@items('Apply_to_each')?['createdDate']",
                      "@variables('latestDate')"
                    ]
                  },
                  "metadata": {
                    "operationMetadataId": "a77fd800-5907-4c1f-805e-e4a74ac5698e"
                  },
                  "type": "If"
                }
              },
              "runAfter": {
                "Parse_JSON": [
                  "Succeeded"
                ]
              },
              "metadata": {
                "operationMetadataId": "99c9a054-13e5-4842-a034-9252d9b71428"
              },
              "type": "Foreach"
            }
          },
          "runAfter": {
            "Initialize_variable_latestDate": [
              "Succeeded"
            ]
          },
          "metadata": {
            "operationMetadataId": "b19fe05a-130f-4768-a1c8-85389c925ffa"
          },
          "type": "Scope"
        },
        "Switch": {
          "runAfter": {
            "Get_Latest_Comment": [
              "Succeeded"
            ]
          },
          "cases": {
            "case_:_When_tasks_Completed": {
              "case": "done",
              "actions": {
                "Get_Sharepoint_Item_ID": {
                  "runAfter": {},
                  "metadata": {
                    "operationMetadataId": "7a9b39cc-0b57-4f3f-b29d-8456f167d15f"
                  },
                  "type": "Compose",
                  "inputs": "@triggerOutputs()?['body/fields']['Custom_SharePointItemID']"
                },
                "Get_Work_Items_Task_ID": {
                  "runAfter": {
                    "Get_Sharepoint_Item_ID": [
                      "Succeeded"
                    ]
                  },
                  "metadata": {
                    "operationMetadataId": "ae4f6e01-c536-49a5-bed3-5291daffb0ba"
                  },
                  "type": "Compose",
                  "inputs": "@triggerOutputs()?['body/id']"
                },
                "Get_Work_Items_URL": {
                  "runAfter": {
                    "Get_Work_Items_Task_ID": [
                      "Succeeded"
                    ]
                  },
                  "metadata": {
                    "operationMetadataId": "40c67566-001e-46ee-92b9-9a5b085f5201"
                  },
                  "type": "Compose",
                  "inputs": "@concat('https://dev.azure.com/InnovexInc/InnovexProjects/_workitems/edit/', triggerOutputs()?['body/id'])"
                },
                "Update_item_for_Done": {
                  "runAfter": {
                    "Get_Work_Items_URL": [
                      "Succeeded"
                    ]
                  },
                  "metadata": {
                    "operationMetadataId": "6758e13a-5bbb-45fc-9514-ef58b57e1332"
                  },
                  "type": "OpenApiConnection",
                  "inputs": {
                    "host": {
                      "connectionName": "shared_sharepointonline_2",
                      "operationId": "PatchItem",
                      "apiId": "/providers/Microsoft.PowerApps/apis/shared_sharepointonline"
                    },
                    "parameters": {
                      "dataset": "https://vexweb.sharepoint.com/sites/InnovexSharePoint",
                      "table": "b8687e6c-262b-4d95-a77a-3e177088e462",
                      "id": "@outputs('Get_Sharepoint_Item_ID')",
                      "item/Status/Value": "Completed",
                      "item/ITNotes": "@variables('latestComment')",
                      "item/WorkItemURL": "@outputs('Get_Work_Items_URL')"
                    },
                    "authentication": "@parameters('$authentication')"
                  }
                }
              }
            },
            "Case_:__When_tasks_Removed": {
              "case": "removed",
              "actions": {
                "Sharepoint_ITem_ID": {
                  "runAfter": {},
                  "metadata": {
                    "operationMetadataId": "b90726c3-4106-49ca-a5b8-07b388d2432f"
                  },
                  "type": "Compose",
                  "inputs": "@triggerOutputs()?['body/fields']['Custom_SharePointItemID']"
                },
                "Work_Item_Tasks_ID": {
                  "runAfter": {
                    "Sharepoint_ITem_ID": [
                      "Succeeded"
                    ]
                  },
                  "metadata": {
                    "operationMetadataId": "3a2b25b8-36e8-4285-8305-bdf17653b9e2"
                  },
                  "type": "Compose",
                  "inputs": "@triggerOutputs()?['body/id']"
                },
                "Work_Items_URL": {
                  "runAfter": {
                    "Work_Item_Tasks_ID": [
                      "Succeeded"
                    ]
                  },
                  "metadata": {
                    "operationMetadataId": "9bbe90d7-b199-4308-b8df-2433ea4e47c5"
                  },
                  "type": "Compose",
                  "inputs": "@concat('https://dev.azure.com/InnovexInc/InnovexProjects/_workitems/edit/', triggerOutputs()?['body/id'])"
                },
                "Update_item__for_Removed": {
                  "runAfter": {
                    "Work_Items_URL": [
                      "Succeeded"
                    ]
                  },
                  "metadata": {
                    "operationMetadataId": "a9c2b600-a596-4ffd-a751-1316fbfdd866"
                  },
                  "type": "OpenApiConnection",
                  "inputs": {
                    "host": {
                      "connectionName": "shared_sharepointonline_2",
                      "operationId": "PatchItem",
                      "apiId": "/providers/Microsoft.PowerApps/apis/shared_sharepointonline"
                    },
                    "parameters": {
                      "dataset": "https://vexweb.sharepoint.com/sites/InnovexSharePoint",
                      "table": "b8687e6c-262b-4d95-a77a-3e177088e462",
                      "id": "@outputs('Sharepoint_ITem_ID')",
                      "item/Status/Value": "Rejeccted by Reviewer",
                      "item/ITNotes": "@variables('latestComment')",
                      "item/WorkItemURL": "@outputs('Work_Items_URL')"
                    },
                    "authentication": "@parameters('$authentication')"
                  }
                }
              }
            },
            "Case_:__When_tasks_Inprogress": {
              "case": "in progress",
              "actions": {
                "work_item_ID": {
                  "runAfter": {},
                  "metadata": {
                    "operationMetadataId": "2ffd1662-dd62-4e91-b1a7-4cea4b8ca452"
                  },
                  "type": "Compose",
                  "inputs": "@triggerOutputs()?['body/fields']['Custom_SharePointItemID']"
                },
                "work_task_ID": {
                  "runAfter": {
                    "work_item_ID": [
                      "Succeeded"
                    ]
                  },
                  "metadata": {
                    "operationMetadataId": "68f8c521-dc57-4748-8f60-def37cf9ef95"
                  },
                  "type": "Compose",
                  "inputs": "@triggerOutputs()?['body/id']"
                },
                "item_URL": {
                  "runAfter": {
                    "work_task_ID": [
                      "Succeeded"
                    ]
                  },
                  "metadata": {
                    "operationMetadataId": "5fe28904-c465-4803-9bc8-a21f3470cddd"
                  },
                  "type": "Compose",
                  "inputs": "@concat('https://dev.azure.com/InnovexInc/InnovexProjects/_workitems/edit/', triggerOutputs()?['body/id'])"
                },
                "Update_item": {
                  "runAfter": {
                    "item_URL": [
                      "Succeeded"
                    ]
                  },
                  "metadata": {
                    "operationMetadataId": "24c9a1d4-28b0-437b-8df7-ff246afd582c"
                  },
                  "type": "OpenApiConnection",
                  "inputs": {
                    "host": {
                      "connectionName": "shared_sharepointonline_2",
                      "operationId": "PatchItem",
                      "apiId": "/providers/Microsoft.PowerApps/apis/shared_sharepointonline"
                    },
                    "parameters": {
                      "dataset": "https://vexweb.sharepoint.com/sites/InnovexSharePoint",
                      "table": "b8687e6c-262b-4d95-a77a-3e177088e462",
                      "id": "@outputs('work_item_ID')",
                      "item/Status/Value": "In Progress",
                      "item/ITNotes": "@variables('latestComment')",
                      "item/WorkItemURL": "@outputs('item_URL')"
                    },
                    "authentication": "@parameters('$authentication')"
                  }
                }
              }
            }
          },
          "default": {
            "actions": {}
          },
          "expression": "@toLower(coalesce(triggerOutputs()?['body/fields']['System_State'], 'unknown'))",
          "metadata": {
            "operationMetadataId": "577db210-d6d5-423a-9c49-1ea3e8ebb963"
          },
          "type": "Switch"
        }
      }
    },
    "templateName": ""
  },
  "schemaVersion": "1.0.0.0"
}