{
  "properties": {
    "connectionReferences": {
      "shared_office365_3": {
        "runtimeSource": "invoker",
        "connection": {
          "connectionReferenceLogicalName": "innovex_sharedoffice365_19292"
        },
        "api": {
          "name": "shared_office365"
        }
      }
    },
    "definition": {
      "$schema": "https://schema.management.azure.com/providers/Microsoft.Logic/schemas/2016-06-01/workflowdefinition.json#",
      "contentVersion": "1.0.0.0",
      "parameters": {
        "$connections": {
          "defaultValue": {},
          "type": "Object"
        },
        "$authentication": {
          "defaultValue": {},
          "type": "SecureObject"
        }
      },
      "triggers": {
        "manual": {
          "metadata": {
            "operationMetadataId": "701010ae-9627-42d9-bffe-d28264aa90a7"
          },
          "type": "Request",
          "kind": "PowerAppV2",
          "inputs": {
            "schema": {
              "type": "object",
              "properties": {
                "text": {
                  "title": "Project Name",
                  "type": "string",
                  "x-ms-dynamically-added": true,
                  "description": "Please enter your input",
                  "x-ms-content-hint": "TEXT"
                },
                "text_1": {
                  "title": "Project Description",
                  "type": "string",
                  "x-ms-dynamically-added": true,
                  "description": "Please enter your input",
                  "x-ms-content-hint": "TEXT"
                },
                "date": {
                  "title": "TargetCompletionDate",
                  "type": "string",
                  "format": "date",
                  "x-ms-dynamically-added": true,
                  "description": "Please enter or select a date (YYYY-MM-DD)",
                  "x-ms-content-hint": "DATE"
                },
                "email": {
                  "title": "UserEmail",
                  "type": "string",
                  "format": "email",
                  "x-ms-dynamically-added": true,
                  "description": "Please enter an e-mail address",
                  "x-ms-content-hint": "EMAIL"
                },
                "number": {
                  "title": "ID",
                  "type": "number",
                  "x-ms-dynamically-added": true,
                  "description": "Please enter a number",
                  "x-ms-content-hint": "NUMBER"
                }
              },
              "required": [
                "text",
                "text_1",
                "date",
                "email",
                "number"
              ]
            }
          }
        }
      },
      "actions": {
        "Send_an_email_(V2)_-_Notify_SharePoint_Admin": {
          "runAfter": {
            "Send_an_email_(V2)_-_Successful_Submission_Notification_Email": [
              "Succeeded"
            ]
          },
          "metadata": {
            "operationMetadataId": "d6e13cb7-cc5b-4d0d-90db-43a3dd72f86a"
          },
          "type": "OpenApiConnection",
          "inputs": {
            "host": {
              "connectionName": "shared_office365_3",
              "operationId": "SendEmailV2",
              "apiId": "/providers/Microsoft.PowerApps/apis/shared_office365"
            },
            "parameters": {
              "emailMessage/To": "Trey.Hebert@Innovex-inc.com;Gibson.West@innovex-inc.com;Rajagopal.MadabushiRamu@innovex-inc.com",
              "emailMessage/Subject": "PROD - SharePoint Project Request - @{triggerBody()['number']}",
              "emailMessage/Body": "<p>Project Name -@{triggerBody()['text']}<br>\nProject Description -@{triggerBody()['text_1']}<br>\nTarget Completion Date -&nbsp;@{triggerBody()['date']}<br>\n<br>\nURL -<br>\nhttps://vexweb.sharepoint.com/sites/InnovexIT/Lists/INVXProjectList/DispForm.aspx?ID=@{triggerBody()['number']}&amp;e=cZhclU</p>",
              "emailMessage/Importance": "Normal"
            },
            "authentication": "@parameters('$authentication')"
          }
        },
        "Send_an_email_(V2)_-_Successful_Submission_Notification_Email": {
          "runAfter": {},
          "metadata": {
            "operationMetadataId": "c6655b4a-c788-42cf-8340-32b3c7a5a4f4"
          },
          "type": "OpenApiConnection",
          "inputs": {
            "host": {
              "connectionName": "shared_office365_3",
              "operationId": "SendEmailV2",
              "apiId": "/providers/Microsoft.PowerApps/apis/shared_office365"
            },
            "parameters": {
              "emailMessage/To": "@triggerBody()['email']",
              "emailMessage/Subject": "PROD - SharePoint Project Request - Submitted",
              "emailMessage/Body": "<p>Project Name -@{triggerBody()['text']}<br>\nProject Description -@{triggerBody()['text_1']}<br>\nTarget Completion Date -&nbsp;@{triggerBody()['date']}</p>",
              "emailMessage/Importance": "Normal"
            },
            "authentication": "@parameters('$authentication')"
          }
        }
      }
    },
    "templateName": ""
  },
  "schemaVersion": "1.0.0.0"
}