<ImportExportXml xmlns:xsi="http://www.w3.org/2001/XMLSchema-instance" OrganizationVersion="9.2.25042.234" OrganizationSchemaType="Standard" CRMServerServiceabilityVersion="9.2.25042.00234">
  <Entities></Entities>
  <Roles></Roles>
  <Workflows>
    <Workflow WorkflowId="{e6d01f1d-fb2f-f011-8c4d-000d3a137e27}" Name="devops work Item update">
      <JsonFileName>/Workflows/devopsworkItemupdate-E6D01F1D-FB2F-F011-8C4D-000D3A137E27.json</JsonFileName>
      <Type>1</Type>
      <Subprocess>0</Subprocess>
      <Category>5</Category>
      <Mode>0</Mode>
      <Scope>4</Scope>
      <OnDemand>0</OnDemand>
      <TriggerOnCreate>0</TriggerOnCreate>
      <TriggerOnDelete>0</TriggerOnDelete>
      <AsyncAutodelete>0</AsyncAutodelete>
      <SyncWorkflowLogOnFailure>0</SyncWorkflowLogOnFailure>
      <StateCode>1</StateCode>
      <StatusCode>2</StatusCode>
      <RunAs>1</RunAs>
      <IsTransacted>1</IsTransacted>
      <IntroducedVersion>1.0.0.3</IntroducedVersion>
      <IsCustomizable>1</IsCustomizable>
      <BusinessProcessType>0</BusinessProcessType>
      <IsCustomProcessingStepAllowedForOtherPublishers>1</IsCustomProcessingStepAllowedForOtherPublishers>
      <ModernFlowType>0</ModernFlowType>
      <PrimaryEntity>none</PrimaryEntity>
      <LocalizedNames>
        <LocalizedName languagecode="1033" description="devops work Item update" />
      </LocalizedNames>
    </Workflow>
    <Workflow WorkflowId="{d9d8dfa2-5d31-f011-8c4e-000d3a8d5124}" Name="devops Manager Project approval">
      <JsonFileName>/Workflows/devopsManagerProjectapproval-D9D8DFA2-5D31-F011-8C4E-000D3A8D5124.json</JsonFileName>
      <Type>1</Type>
      <Subprocess>0</Subprocess>
      <Category>5</Category>
      <Mode>0</Mode>
      <Scope>4</Scope>
      <OnDemand>0</OnDemand>
      <TriggerOnCreate>0</TriggerOnCreate>
      <TriggerOnDelete>0</TriggerOnDelete>
      <AsyncAutodelete>0</AsyncAutodelete>
      <SyncWorkflowLogOnFailure>0</SyncWorkflowLogOnFailure>
      <StateCode>1</StateCode>
      <StatusCode>2</StatusCode>
      <RunAs>1</RunAs>
      <IsTransacted>1</IsTransacted>
      <IntroducedVersion>1.0.0.3</IntroducedVersion>
      <IsCustomizable>1</IsCustomizable>
      <BusinessProcessType>0</BusinessProcessType>
      <IsCustomProcessingStepAllowedForOtherPublishers>1</IsCustomProcessingStepAllowedForOtherPublishers>
      <ModernFlowType>0</ModernFlowType>
      <PrimaryEntity>none</PrimaryEntity>
      <LocalizedNames>
        <LocalizedName languagecode="1033" description="devops Manager Project approval" />
      </LocalizedNames>
    </Workflow>
    <Workflow WorkflowId="{81596adf-d013-f011-998a-7c1e527f18de}" Name="Project Request Submit_Flow">
      <JsonFileName>/Workflows/ProjectRequestSubmit_Flow-81596ADF-D013-F011-998A-7C1E527F18DE.json</JsonFileName>
      <Type>1</Type>
      <Subprocess>0</Subprocess>
      <Category>5</Category>
      <Mode>0</Mode>
      <Scope>4</Scope>
      <OnDemand>0</OnDemand>
      <TriggerOnCreate>0</TriggerOnCreate>
      <TriggerOnDelete>0</TriggerOnDelete>
      <AsyncAutodelete>0</AsyncAutodelete>
      <SyncWorkflowLogOnFailure>0</SyncWorkflowLogOnFailure>
      <StateCode>1</StateCode>
      <StatusCode>2</StatusCode>
      <RunAs>1</RunAs>
      <IsTransacted>1</IsTransacted>
      <IntroducedVersion>1.0.0.0</IntroducedVersion>
      <IsCustomizable>1</IsCustomizable>
      <IsCustomProcessingStepAllowedForOtherPublishers>1</IsCustomProcessingStepAllowedForOtherPublishers>
      <ModernFlowType>0</ModernFlowType>
      <PrimaryEntity>none</PrimaryEntity>
      <LocalizedNames>
        <LocalizedName languagecode="1033" description="Project Request Submit_Flow" />
      </LocalizedNames>
    </Workflow>
  </Workflows>
  <FieldSecurityProfiles></FieldSecurityProfiles>
  <Templates />
  <EntityMaps />
  <EntityRelationships />
  <OrganizationSettings />
  <optionsets />
  <CustomControls />
  <EntityDataProviders />
  <CanvasApps>
    <CanvasApp>
      <Name>innovex_projectformdesktop_eca5d</Name>
      <AppVersion>2025-05-15T08:08:49Z</AppVersion>
      <Status>Ready</Status>
      <CreatedByClientVersion>3.25044.10.0</CreatedByClientVersion>
      <MinClientVersion>3.25044.10.0</MinClientVersion>
      <Tags>{"primaryDeviceWidth":"1366","primaryDeviceHeight":"768","supportsPortrait":"true","supportsLandscape":"true","primaryFormFactor":"Tablet","showStatusBar":"false","publisherVersion":"3.25044.10","minimumRequiredApiVersion":"2.2.0","hasComponent":"false","hasUnlockedComponent":"false","isUnifiedRootApp":"false","sienaVersion":"20250502T044633Z-3.25034.15.0","coauthoringEnabled":"true","multipleWritersEnabled":"true","acceptedCoauthoringTerms":"true"}</Tags>
      <IsCdsUpgraded>0</IsCdsUpgraded>
      <GalleryItemId xsi:nil="true"></GalleryItemId>
      <BackgroundColor>rgba(255, 255, 255, 1)</BackgroundColor>
      <DisplayName>Project Form Admin</DisplayName>
      <Description>Deployment Done</Description>
      <CommitMessage xsi:nil="true"></CommitMessage>
      <Publisher></Publisher>
      <AuthorizationReferences>[]</AuthorizationReferences>
      <ConnectionReferences>{"6d002348-76c2-460b-8bc7-379b32e9f005":{"id":"/providers/microsoft.powerapps/apis/shared_sharepointonline","displayName":"SharePoint","iconUri":"https://conn-afd-prod-endpoint-bmc9bqahasf3grgk.b01.azurefd.net/releases/v1.0.1745/1.0.1745.4169/sharepointonline/icon.png","dataSources":["INVX Project List"],"dependencies":[],"dependents":[],"parameterHints":{},"parameterHintsV2":{},"isOnPremiseConnection":false,"bypassConsent":false,"dataSets":{"https://vexweb.sharepoint.com/sites/InnovexSharePoint":{"dataSources":{"INVX Project List":{"tableName":"b8687e6c-262b-4d95-a77a-3e177088e462"}}}},"apiTier":"Standard","actions":["providers/PowerPlatform.Governance/Operations/Read","providers/PowerPlatform.Governance/Operations/Write","providers/PowerPlatform.Governance/Operations/Delete"]}}</ConnectionReferences>
      <DatabaseReferences>{}</DatabaseReferences>
      <AppComponents>[]</AppComponents>
      <AppComponentDependencies>[]</AppComponentDependencies>
      <CanConsumeAppPass>1</CanConsumeAppPass>
      <CanvasAppType>0</CanvasAppType>
      <BypassConsent>0</BypassConsent>
      <AdminControlBypassConsent>0</AdminControlBypassConsent>
      <EmbeddedApp xsi:nil="true"></EmbeddedApp>
      <IntroducedVersion>1.0</IntroducedVersion>
      <CdsDependencies>{"cdsdependencies":[]}</CdsDependencies>
      <IsCustomizable>1</IsCustomizable>
      <BackgroundImageUri>/CanvasApps/innovex_projectformdesktop_eca5d_BackgroundImageUri</BackgroundImageUri>
      <DocumentUri>/CanvasApps/innovex_projectformdesktop_eca5d_DocumentUri.msapp</DocumentUri>
      <AdditionalUris>
        <AdditionalUri>/CanvasApps/innovex_projectformdesktop_eca5d_AdditionalUris0_identity.json</AdditionalUri>
      </AdditionalUris>
    </CanvasApp>
    <CanvasApp>
      <Name>innovex_projectform_b5dd4</Name>
      <AppVersion>2025-05-15T08:05:08Z</AppVersion>
      <Status>Ready</Status>
      <CreatedByClientVersion>3.25044.10.0</CreatedByClientVersion>
      <MinClientVersion>3.25044.10.0</MinClientVersion>
      <Tags>{"primaryDeviceWidth":"1366","primaryDeviceHeight":"768","supportsPortrait":"true","supportsLandscape":"true","primaryFormFactor":"Tablet","showStatusBar":"false","publisherVersion":"3.25044.10","minimumRequiredApiVersion":"2.2.0","hasComponent":"false","hasUnlockedComponent":"false","isUnifiedRootApp":"false","sienaVersion":"20250506T051325Z-3.25042.10.0","coauthoringEnabled":"true","multipleWritersEnabled":"true","acceptedCoauthoringTerms":"true"}</Tags>
      <IsCdsUpgraded>0</IsCdsUpgraded>
      <GalleryItemId xsi:nil="true"></GalleryItemId>
      <BackgroundColor>rgba(255, 255, 255, 1)</BackgroundColor>
      <DisplayName>Project Form User</DisplayName>
      <Description xsi:nil="true"></Description>
      <CommitMessage xsi:nil="true"></CommitMessage>
      <Publisher></Publisher>
      <AuthorizationReferences>[]</AuthorizationReferences>
      <ConnectionReferences>{"1cbde90d-2346-4619-a500-329237867579":{"id":"/providers/microsoft.powerapps/apis/shared_sharepointonline","displayName":"SharePoint","iconUri":"https://conn-afd-prod-endpoint-bmc9bqahasf3grgk.b01.azurefd.net/releases/v1.0.1745/1.0.1745.4169/sharepointonline/icon.png","dataSources":["INVX Project List"],"dependencies":[],"dependents":[],"parameterHints":{},"parameterHintsV2":{},"isOnPremiseConnection":false,"bypassConsent":false,"dataSets":{"https://vexweb.sharepoint.com/sites/InnovexSharePoint":{"dataSources":{"INVX Project List":{"tableName":"b8687e6c-262b-4d95-a77a-3e177088e462"}}}},"apiTier":"Standard","actions":["providers/PowerPlatform.Governance/Operations/Read","providers/PowerPlatform.Governance/Operations/Write"]},"1c54abe1-0de2-489a-8169-cbfe76fe7e30":{"id":"/providers/microsoft.powerapps/apis/shared_logicflows","displayName":"Logic flows","iconUri":"https://conn-afd-prod-endpoint-bmc9bqahasf3grgk.b01.azurefd.net/releases/v1.0.1745/1.0.1745.4169/logicflows/icon.png","dataSources":["ProjectRequestSubmit_Flow"],"dependencies":["6abc318e-e627-4adc-bc98-bcdb2b170764","6abc318e-e627-4adc-bc98-bcdb2b170764"],"dependents":[],"parameterHints":{"workflowName":{"value":"89ba17f3-ae7f-48e7-869a-301a53604f4b"},"workflowEntityId":{"value":"81596adf-d013-f011-998a-7c1e527f18de"},"workflowDisplayName":{"value":"Project Request Submit_Flow"},"6abc318e-e627-4adc-bc98-bcdb2b170764":{"value":"shared_office365_2"}},"parameterHintsV2":{"workflowName":{"value":"89ba17f3-ae7f-48e7-869a-301a53604f4b"},"workflowEntityId":{"value":"81596adf-d013-f011-998a-7c1e527f18de"},"workflowDisplayName":{"value":"Project Request Submit_Flow"},"shared_office365_1":{"value":"6abc318e-e627-4adc-bc98-bcdb2b170764"},"shared_office365_2":{"value":"6abc318e-e627-4adc-bc98-bcdb2b170764"}},"isOnPremiseConnection":false,"bypassConsent":false,"dataSets":{},"apiTier":"Standard","actions":["Run"]},"6abc318e-e627-4adc-bc98-bcdb2b170764":{"id":"/providers/microsoft.powerapps/apis/shared_office365","displayName":"Office 365 Outlook","iconUri":"https://conn-afd-prod-endpoint-bmc9bqahasf3grgk.b01.azurefd.net/v1.0.1751/1.0.1751.4213/office365/icon.png","dataSources":[],"dependencies":[],"dependents":["1c54abe1-0de2-489a-8169-cbfe76fe7e30"],"parameterHints":{},"parameterHintsV2":{},"isOnPremiseConnection":false,"bypassConsent":false,"dataSets":{},"apiTier":"Standard"}}</ConnectionReferences>
      <DatabaseReferences>{}</DatabaseReferences>
      <AppComponents>[]</AppComponents>
      <AppComponentDependencies>[]</AppComponentDependencies>
      <CanConsumeAppPass>1</CanConsumeAppPass>
      <CanvasAppType>0</CanvasAppType>
      <BypassConsent>0</BypassConsent>
      <AdminControlBypassConsent>0</AdminControlBypassConsent>
      <EmbeddedApp xsi:nil="true"></EmbeddedApp>
      <IntroducedVersion>1.0</IntroducedVersion>
      <CdsDependencies>{"cdsdependencies":[{"dependencyid":"81596adf-d013-f011-998a-7c1e527f18de","componenttype":29,"componenttypeplatformname":"Workflow"}]}</CdsDependencies>
      <IsCustomizable>1</IsCustomizable>
      <BackgroundImageUri>/CanvasApps/innovex_projectform_b5dd4_BackgroundImageUri</BackgroundImageUri>
      <DocumentUri>/CanvasApps/innovex_projectform_b5dd4_DocumentUri.msapp</DocumentUri>
      <AdditionalUris>
        <AdditionalUri>/CanvasApps/innovex_projectform_b5dd4_AdditionalUris0_identity.json</AdditionalUri>
      </AdditionalUris>
    </CanvasApp>
  </CanvasApps>
  <connectionreferences>
    <connectionreference connectionreferencelogicalname="innovex_sharedapprovals_638e1">
      <connectionreferencedisplayname>Approvals Innovex_Dev-638e1</connectionreferencedisplayname>
      <connectorid>/providers/Microsoft.PowerApps/apis/shared_approvals</connectorid>
      <iscustomizable>1</iscustomizable>
      <promptingbehavior>0</promptingbehavior>
      <statecode>0</statecode>
      <statuscode>1</statuscode>
    </connectionreference>
    <connectionreference connectionreferencelogicalname="innovex_sharedoffice365_19292">
      <connectionreferencedisplayname>Office 365 Outlook Innovex_Dev-19292</connectionreferencedisplayname>
      <connectorid>/providers/Microsoft.PowerApps/apis/shared_office365</connectorid>
      <iscustomizable>1</iscustomizable>
      <promptingbehavior>0</promptingbehavior>
      <statecode>0</statecode>
      <statuscode>1</statuscode>
    </connectionreference>
    <connectionreference connectionreferencelogicalname="innovex_sharedoffice365_2f76a">
      <connectionreferencedisplayname>Office 365 Outlook Innovex_Dev-2f76a</connectionreferencedisplayname>
      <connectorid>/providers/Microsoft.PowerApps/apis/shared_office365</connectorid>
      <iscustomizable>1</iscustomizable>
      <promptingbehavior>0</promptingbehavior>
      <statecode>0</statecode>
      <statuscode>1</statuscode>
    </connectionreference>
    <connectionreference connectionreferencelogicalname="innovex_sharedoffice365_539cb">
      <connectionreferencedisplayname>Office 365 Outlook Innovex_Dev-539cb</connectionreferencedisplayname>
      <connectorid>/providers/Microsoft.PowerApps/apis/shared_office365</connectorid>
      <iscustomizable>1</iscustomizable>
      <promptingbehavior>0</promptingbehavior>
      <statecode>0</statecode>
      <statuscode>1</statuscode>
    </connectionreference>
    <connectionreference connectionreferencelogicalname="innovex_sharedoffice365_720d9">
      <connectionreferencedisplayname>Office 365 Outlook Innovex_Dev-720d9</connectionreferencedisplayname>
      <connectorid>/providers/Microsoft.PowerApps/apis/shared_office365</connectorid>
      <iscustomizable>1</iscustomizable>
      <promptingbehavior>0</promptingbehavior>
      <statecode>0</statecode>
      <statuscode>1</statuscode>
    </connectionreference>
    <connectionreference connectionreferencelogicalname="innovex_sharedoffice365users_a27d5">
      <connectionreferencedisplayname>sharedoffice365users_a27d5</connectionreferencedisplayname>
      <connectorid>/providers/Microsoft.PowerApps/apis/shared_office365users</connectorid>
      <iscustomizable>1</iscustomizable>
      <promptingbehavior>0</promptingbehavior>
      <statecode>0</statecode>
      <statuscode>1</statuscode>
    </connectionreference>
    <connectionreference connectionreferencelogicalname="innovex_sharedoffice365users_c6ce2">
      <connectionreferencedisplayname>Office 365 Users Innovex_Dev-c6ce2</connectionreferencedisplayname>
      <connectorid>/providers/Microsoft.PowerApps/apis/shared_office365users</connectorid>
      <iscustomizable>1</iscustomizable>
      <promptingbehavior>0</promptingbehavior>
      <statecode>0</statecode>
      <statuscode>1</statuscode>
    </connectionreference>
    <connectionreference connectionreferencelogicalname="innovex_sharedsharepointonline_04c2e">
      <connectionreferencedisplayname>SharePoint Innovex_Dev-04c2e</connectionreferencedisplayname>
      <connectorid>/providers/Microsoft.PowerApps/apis/shared_sharepointonline</connectorid>
      <iscustomizable>1</iscustomizable>
      <promptingbehavior>0</promptingbehavior>
      <statecode>0</statecode>
      <statuscode>1</statuscode>
    </connectionreference>
    <connectionreference connectionreferencelogicalname="innovex_sharedsharepointonline_3ed40">
      <connectionreferencedisplayname>SharePoint Innovex_Dev-3ed40</connectionreferencedisplayname>
      <connectorid>/providers/Microsoft.PowerApps/apis/shared_sharepointonline</connectorid>
      <iscustomizable>1</iscustomizable>
      <promptingbehavior>0</promptingbehavior>
      <statecode>0</statecode>
      <statuscode>1</statuscode>
    </connectionreference>
    <connectionreference connectionreferencelogicalname="innovex_sharedvisualstudioteamservices_2c14a">
      <connectionreferencedisplayname>Azure DevOps Innovex_Dev-2c14a</connectionreferencedisplayname>
      <connectorid>/providers/Microsoft.PowerApps/apis/shared_visualstudioteamservices</connectorid>
      <iscustomizable>1</iscustomizable>
      <promptingbehavior>0</promptingbehavior>
      <statecode>0</statecode>
      <statuscode>1</statuscode>
    </connectionreference>
  </connectionreferences>
  <Languages>
    <Language>1033</Language>
  </Languages>
</ImportExportXml>